{
    "name": "root",
    "metadata": {
        "timer_format_version": "0.1.0",
        "start_time_seconds": "1627610722",
        "python_version": "3.9.2 (tags/v3.9.2:1a79785, Feb 19 2021, 13:44:55) [MSC v.1928 64 bit (AMD64)]",
        "command_line_arguments": "C:\\Users\\Yesac\\AppData\\Local\\Programs\\Python\\Python39\\Scripts\\mlagents-learn MLAgents/config/paddleagent_config.yaml --run-id=PaddleAgent --resume --time-scale=1",
        "mlagents_version": "0.27.0",
        "mlagents_envs_version": "0.27.0",
        "communication_protocol_version": "1.5.0",
        "pytorch_version": "1.9.0+cpu",
        "numpy_version": "1.21.1",
        "end_time_seconds": "1627610744"
    },
    "total": 22.1171354,
    "count": 1,
    "self": 0.004414100000001753,
    "children": {
        "run_training.setup": {
            "total": 0.09343499999999993,
            "count": 1,
            "self": 0.09343499999999993
        },
        "TrainerController.start_learning": {
            "total": 22.019286299999997,
            "count": 1,
            "self": 0.00257630000000475,
            "children": {
                "TrainerController._reset_env": {
                    "total": 7.948002799999999,
                    "count": 1,
                    "self": 7.948002799999999
                },
                "TrainerController.advance": {
                    "total": 14.004989199999997,
                    "count": 147,
                    "self": 0.00217199999998563,
                    "children": {
                        "env_step": {
                            "total": 12.693373599999992,
                            "count": 147,
                            "self": 12.606498499999962,
                            "children": {
                                "SubprocessEnvManager._take_step": {
                                    "total": 0.0855279000000273,
                                    "count": 147,
                                    "self": 0.0067484000000437305,
                                    "children": {
                                        "TorchPolicy.evaluate": {
                                            "total": 0.07877949999998357,
                                            "count": 144,
                                            "self": 0.01683010000000351,
                                            "children": {
                                                "TorchPolicy.sample_actions": {
                                                    "total": 0.06194939999998006,
                                                    "count": 144,
                                                    "self": 0.06194939999998006
                                                }
                                            }
                                        }
                                    }
                                },
                                "workers": {
                                    "total": 0.0013472000000032125,
                                    "count": 146,
                                    "self": 0.0,
                                    "children": {
                                        "worker_root": {
                                            "total": 13.500102699999996,
                                            "count": 146,
                                            "is_parallel": true,
                                            "self": 1.0263108999999844,
                                            "children": {
                                                "steps_from_proto": {
                                                    "total": 0.00025500000000011624,
                                                    "count": 1,
                                                    "is_parallel": true,
                                                    "self": 0.00010010000000004737,
                                                    "children": {
                                                        "_process_rank_one_or_two_observation": {
                                                            "total": 0.00015490000000006887,
                                                            "count": 2,
                                                            "is_parallel": true,
                                                            "self": 0.00015490000000006887
                                                        }
                                                    }
                                                },
                                                "UnityEnvironment.step": {
                                                    "total": 12.473536800000012,
                                                    "count": 146,
                                                    "is_parallel": true,
                                                    "self": 0.01261549999999012,
                                                    "children": {
                                                        "UnityEnvironment._generate_step_input": {
                                                            "total": 0.015138400000013874,
                                                            "count": 146,
                                                            "is_parallel": true,
                                                            "self": 0.015138400000013874
                                                        },
                                                        "communicator.exchange": {
                                                            "total": 12.415079600000002,
                                                            "count": 146,
                                                            "is_parallel": true,
                                                            "self": 12.415079600000002
                                                        },
                                                        "steps_from_proto": {
                                                            "total": 0.030703300000006095,
                                                            "count": 146,
                                                            "is_parallel": true,
                                                            "self": 0.013650800000011287,
                                                            "children": {
                                                                "_process_rank_one_or_two_observation": {
                                                                    "total": 0.017052499999994808,
                                                                    "count": 292,
                                                                    "is_parallel": true,
                                                                    "self": 0.017052499999994808
                                                                }
                                                            }
                                                        }
                                                    }
                                                }
                                            }
                                        }
                                    }
                                }
                            }
                        },
                        "trainer_advance": {
                            "total": 1.3094436000000194,
                            "count": 146,
                            "self": 0.0029738000000101295,
                            "children": {
                                "process_trajectory": {
                                    "total": 0.050582600000005584,
                                    "count": 146,
                                    "self": 0.050582600000005584
                                },