{"count":1,"self":111.8569088,"total":112.35682059999999,"children":{"InitializeActuators":{"count":3,"self":0.0010463,"total":0.0010463,"children":null},"InitializeSensors":{"count":3,"self":0.00098439999999999986,"total":0.00098439999999999986,"children":null},"AgentSendState":{"count":5319,"self":0.0448642,"total":0.058005799999999996,"children":{"CollectObservations":{"count":511,"self":0.0019998999999999998,"total":0.0019998999999999998,"children":null},"WriteActionMask":{"count":511,"self":0.0010037,"total":0.0010037,"children":null},"RequestDecision":{"count":511,"self":0.010138,"total":0.010138,"children":null}}},"DecideAction":{"count":5319,"self":0.37045039999999996,"total":0.37045039999999996,"children":null},"AgentAct":{"count":5319,"self":0.067466299999999993,"total":0.067466299999999993,"children":null}},"gauges":{},"metadata":{"timer_format_version":"0.1.0","start_time_seconds":"1628466499","unity_version":"2021.1.10f1","command_line_arguments":"C:\\Program Files\\Unity\\Hub\\Editor\\2021.1.10f1\\Editor\\Unity.exe -projectpath C:\/Users\/micha\/Documents\/oregonstate\/cs467\/ML Breakout\/ML Breakout -useHub -hubIPC -cloudEnvironment production -hubSessionId 69a88600-f6ce-11eb-8873-8d3d0968aad0 -accessToken dYT_tBLr9FHPAG58ijZPI6u_t_bmNAmDfmyB1Z_SV94002f","communication_protocol_version":"1.5.0","com.unity.ml-agents_version":"2.1.0-exp.1","scene_name":"VS Mode","end_time_seconds":"1628466612"}}